2,3,2,2025-05-05,uploads/cv_2_3.pdf,
3,4,2,2025-05-05,uploads/cv_1_4.pdf,
3001,1,3,2025-05-10,uploads/cv_3001_1.pdf,
3002,2,3,2025-05-11,uploads/cv_3002_2.pdf,uploads/lm_3002_2.pdf
101,1,2,2025-05-10,uploads/cv_101_1.pdf,uploads/lm_101_1.pdf
103,4,2,2025-05-10,uploads/cv_103_4.pdf,

1746495416,1,5,2025-05-06,uploads/cv_1746495416_1.pdf,
7,1,115,2025-05-02,uploads/cv_7_1.pdf,uploads/lm_7_1.pdf
31,1,129,2025-04-11,uploads/cv_31_1.pdf,uploads/lm_31_1.pdf
9,2,106,2025-05-02,uploads/cv_9_2.pdf,uploads/lm_9_2.pdf
31,2,129,2025-04-28,uploads/cv_31_2.pdf,uploads/lm_31_2.pdf
9,3,106,2025-04-18,uploads/cv_9_3.pdf,uploads/lm_9_3.pdf
1746495416,7,5,2025-05-09,uploads/cv_1746495416_7.pdf,
7,53,5,2025-05-09,uploads/cv_7_53.pdf,
32,53,3,2025-05-09,uploads/cv_32_53.pdf,
36,4,2,2025-05-11,uploads/cv_36_4.pdf,
26,56,,2025-05-12,uploads/cv_26_56.pdf,
27,56,,2025-05-12,uploads/cv_27_56.pdf,
29,56,,2025-05-12,uploads/cv_29_56.pdf,
17,56,,2025-05-12,uploads/cv_17_56.pdf,
17,1747018776,2025-05-12,uploads/cv_17_1747018776.pdf,
26,55,2025-05-12,uploads/cv_26_55.pdf,
62,4,2025-05-12,uploads/cv_62_4.pdf,
26,4,2025-05-13,uploads/cv_26_4.pdf,
58,4,2025-05-13,uploads/cv_58_4.pdf,
62,1747161525,2025-05-13,uploads/cv_62_1747161525.pdf,
58,1,2025-05-13,uploads/cv_58_1.pdf,
